{
    "name": "pf2e-lockpicking",
    "title": "PF2e Lockpicking",
    "description": "Module to help facilitate lockpicking in PF2e",
    "author": "drexl93",
    "version": "1.0.2",
    "minimumCoreVersion": "0.7.0",
    "compatibleCoreVersion": "0.7.7",
    "esmodules": [
        "scripts/init.js",
        "scripts/scripts.js"
    ],
    "styles": [ "./pf2e-lockpicking.css" ],
    "packs": [
	{
            "name": "pf2e-lockpicking",
            "label": "PF2e Lockpicking",
            "path": "packs/pf2e-lockpicking.db",
            "module": "pf2e-lockpicking",
            "entity": "Macro"
        }
    ],
    "socket": true,
    "url": "https://github.com/drexl93/pf2e-lockpicking",
    "manifest": "https://raw.githubusercontent.com/drexl93/pf2e-lockpicking/master/module.json",
    "download": "https://github.com/drexl93/pf2e-lockpicking/raw/master/pf2e-lockpicking.zip"
}